,EWS_DaysToThreat,rfr_0_t0,rfr_0_t1,rfr_0_t2,rfr_1_t0,rfr_1_t1,rfr_1_t2,rfr_2_t0,rfr_2_t1,rfr_2_t2,rfr_3_t0,rfr_3_t1,rfr_3_t2,rfr_4_t0,rfr_4_t1,rfr_4_t2,A1_DikeIncrease_t0,A1_DikeIncrease_t1,A1_DikeIncrease_t2,A2_DikeIncrease_t0,A2_DikeIncrease_t1,A2_DikeIncrease_t2,A3_DikeIncrease_t0,A3_DikeIncrease_t1,A3_DikeIncrease_t2,A4_DikeIncrease_t0,A4_DikeIncrease_t1,A4_DikeIncrease_t2,A5_DikeIncrease_t0,A5_DikeIncrease_t1,A5_DikeIncrease_t2,A4_Expected_Annual_Damage,A4_Expected_Number_of_Deaths,Total_Infrastructure_Costs,Total_Expected_Annual_Damage,Total_Expected_Number_of_Deaths
0,3,0,0,0,0,0,0,0,0,0,0,0,0,0,0,0,0,0,0,2,0,0,2,0,0,8,0,0,5,0,0,0,0,117771826.45275694,18042508.55552765,0.0012797153192867674
1,3,0,0,0,0,0,0,0,0,0,0,0,0,0,0,0,1,0,0,3,0,0,2,0,0,8,0,0,5,0,0,0,0,155491011.4385212,0.0,0.0
2,3,0,0,0,0,0,0,0,0,0,0,0,0,0,0,0,1,0,0,2,0,0,2,0,0,7,0,0,5,0,0,0,0,148619462.58625722,2553720.1432849043,0.0001875544813863663
3,3,0,0,0,0,0,0,0,0,0,0,0,0,0,0,0,0,0,0,2,0,0,2,0,0,7,0,0,5,0,0,0,0,115924561.49209529,19355977.54855518,0.001357453860185903
4,3,0,0,0,0,0,0,0,0,0,0,0,0,0,0,0,1,0,0,2,0,0,2,0,0,8,0,0,5,0,0,0,0,150466727.54691887,925798.1895569661,9.102044103832311e-05
5,4,0,0,0,0,0,0,0,0,0,0,0,0,0,0,0,1,0,0,2,0,0,2,0,0,5,0,0,3,0,0,0,0,139101432.69309792,8344680.535991373,0.0005197185064687402
6,4,0,0,0,0,0,0,0,0,0,0,0,0,0,0,0,1,0,0,0,0,0,1,0,0,6,0,0,2,0,0,0,0,93158876.68791597,23045341.539656635,0.0022293374244264754
7,3,0,0,0,0,0,0,0,0,0,0,0,0,0,0,0,0,0,0,0,0,0,0,0,0,5,0,0,2,0,0,0,0,38647001.6539097,51437434.75607138,0.0051908889121410435
8,3,0,0,0,0,0,0,0,0,0,0,0,0,0,0,0,1,0,0,0,0,0,1,0,0,5,0,0,2,0,0,0,0,91641190.37539232,24404798.97539013,0.002302716297513938
9,4,0,0,0,0,0,0,0,0,0,0,0,0,0,0,0,0,0,0,0,0,0,0,0,0,6,0,0,2,0,0,0,0,40164687.966433346,50077977.32033789,0.00511751003905358
10,4,0,0,0,0,0,0,0,0,0,0,0,0,0,0,0,0,0,0,0,0,0,1,0,0,5,0,0,2,0,0,0,0,58946289.28123039,42441985.26171762,0.0035814646412115443
11,4,0,0,0,0,0,0,0,0,0,0,0,0,0,0,0,1,0,0,0,0,0,0,0,0,6,0,0,2,0,0,0,0,72859589.06059527,32040791.034010403,0.003838761695355974
12,4,0,0,0,0,0,0,0,0,0,0,0,0,0,0,0,0,0,0,0,0,0,1,0,0,6,0,0,2,0,0,0,0,60463975.59375404,41082527.82598413,0.0035080857681240815
13,4,0,0,0,0,0,0,0,0,0,0,0,0,0,0,0,1,0,0,3,0,0,2,0,0,5,0,0,3,0,0,0,0,144125716.58470023,7418882.346434407,0.00042869806543041703
14,4,0,0,0,0,0,0,0,0,0,0,0,0,0,0,0,0,0,0,0,0,0,0,0,0,4,0,0,2,0,0,0,0,37273425.32982029,68700465.84184685,0.006082693031172331
15,3,0,0,0,0,0,0,0,0,0,0,0,0,0,0,0,1,0,0,0,0,0,0,0,0,5,0,0,2,0,0,0,0,71341902.74807164,33400248.469743896,0.003912140568443437
16,3,0,0,0,0,0,0,0,0,0,0,0,0,0,0,0,1,0,0,2,0,0,1,0,0,5,0,0,3,0,0,0,0,137232902.12161487,17447797.13392763,0.002182374103358019
17,3,0,0,0,0,0,0,0,1,0,0,0,0,0,0,0,1,0,0,0,0,0,0,0,0,6,0,0,5,0,0,0,0,112658034.93323454,22759128.288262915,0.002177336817733349
18,4,0,0,0,0,0,0,0,0,0,0,0,0,0,0,0,0,0,0,0,0,0,0,0,0,4,0,0,1,0,0,0,0,34732409.44833878,78721014.50006266,0.0069793959252145606
19,3,0,0,0,0,0,0,0,0,0,0,0,0,0,0,0,0,0,0,0,0,0,0,0,0,3,0,0,0,0,0,0,0,8453407.696608048,110741431.90670708,0.007990355951416403
20,3,0,0,0,0,0,0,0,0,0,0,0,0,0,0,0,0,0,0,0,0,0,0,0,0,2,0,0,0,0,0,0,0,7332080.219521779,138546915.83059186,0.009208419927778065
21,3,0,0,0,0,0,0,0,0,0,0,0,0,0,0,0,0,0,0,0,0,0,1,0,0,3,0,0,0,0,0,0,0,28752695.323928736,101745982.4123533,0.006380931680486905
22,3,0,0,0,0,0,0,0,0,0,0,0,0,0,0,0,0,0,0,0,0,0,0,0,0,0,0,0,0,0,0,0,0,0.0,222863046.32718122,0.012640210771168944
